trial,trialtype,target,response
1,2,0.98,0.3332427724708543
2,3,0.98,0.8105050372216223
3,4,-0.98,0.8030822865463001
4,1,-0.98,0.6216354171733323
5,2,0.98,0.15068236179429656
6,3,0.98,0.7967475568355824
7,4,-0.98,0.8098220479199683
8,1,-0.98,0.5421071721130314
9,2,0.98,0.17001883164876178
10,3,0.98,0.8481201541213319
11,4,-0.98,0.794330283731844
12,1,-0.98,0.6301672190615851
13,2,0.98,0.2536384700712218
14,3,0.98,0.7315083067617708
15,4,-0.98,0.7636029191129667
16,1,-0.98,0.5582540919708423
17,2,0.98,0.1982211972680497
18,3,0.98,0.7571799065302034
19,4,-0.98,0.8124186369780488
20,1,-0.98,0.7011721412654118
21,2,0.98,0.4293017354674716
22,3,0.98,0.7922758848318916
23,4,-0.98,0.8439784750939292
24,1,-0.98,0.566131568117826
25,2,0.98,0.4861671882891479
26,3,0.98,0.6674827019195624
27,4,-0.98,0.7340236621577256
28,1,-0.98,0.5068981967185553
29,2,0.98,0.34810589203853387
30,3,0.98,0.7474134356251162
31,4,-0.98,0.8136853889736255
32,1,-0.98,0.7561026255444231
33,2,0.98,0.09777552339264897
34,3,0.98,0.82519778970061
35,4,-0.98,0.8142219851809587
36,1,-0.98,0.6925526696277187
37,2,0.98,0.21269404832941416
38,3,0.98,0.8296215067416741
39,4,-0.98,0.8492183972401623
40,1,-0.98,0.5454502904935059
41,2,0.98,0.24338972057353642
42,3,0.98,0.6901744475998127
43,4,-0.98,0.8559579936187103
44,1,-0.98,0.5205020695126332
45,2,0.98,0.35072326077027005
46,3,0.98,0.66900337063855
47,4,-0.98,0.8326329130176889
48,1,-0.98,0.6178337578462044
49,2,0.98,0.24373408737565883
50,3,0.98,0.8134828256885748
51,4,-0.98,0.7813066606164996
52,1,-0.98,0.560414141667301
53,2,0.98,0.307363322024654
54,3,0.98,0.7645951281306582
55,4,-0.98,0.8388484484967006
56,1,-0.98,0.7081887234858465
57,2,0.98,0.16428329985902485
58,3,0.98,0.843981816602636
59,4,-0.98,0.8046697657772022
60,1,-0.98,0.5864009695423157
61,2,0.98,0.08738584785540152
62,3,0.98,0.7648653863884505
63,4,-0.98,0.8345584750577113
64,1,-0.98,0.6167582272753456
65,2,0.98,0.22522942966628692
66,3,0.98,0.8084488393231719
67,4,-0.98,0.8220167534845972
68,1,-0.98,0.5159629189272364
69,2,0.98,0.40929647825318893
70,3,0.98,0.6928841549067406
71,4,-0.98,0.6647195356106682
72,1,-0.98,0.555555266433052
73,2,0.98,0.23967677126599082
74,3,0.98,0.656192594664175
75,4,-0.98,0.7111572811253482
76,1,-0.98,0.4272806267828733
77,2,0.98,0.2830469280637667
78,3,0.98,0.7370982753296147
79,4,-0.98,0.8221576503224506
80,1,-0.98,0.5364264778456102
81,2,0.98,0.39583810921352175
82,3,0.98,0.8147086606328838
83,4,-0.98,0.7752206189540218
84,1,-0.98,0.5480818227774013
85,2,0.98,0.4329652444038578
86,3,0.98,0.8100109586909133
87,4,-0.98,0.6781862087172832
88,1,-0.98,0.659963530438026
89,2,0.98,-0.1593669147845343
90,3,0.98,0.720518005898589
91,4,-0.98,0.5488073073419641
92,1,-0.98,0.6176263924689875
93,2,0.98,0.29036374018731276
94,3,0.98,0.8878883239649235
95,4,-0.98,0.906541732398465
96,1,-0.98,0.23698967250887856
97,2,0.98,0.059979423038616066
98,3,0.98,0.7734309222339083
99,4,-0.98,0.7693495931315711
100,1,-0.98,0.4225524760062693
101,2,0.98,0.13935927586572444
102,3,0.98,0.7683342199456185
103,4,-0.98,0.7480415009698743
104,1,-0.98,0.6756931823803263
105,2,0.98,0.35076341891759866
106,3,0.98,0.802524811352788
107,4,-0.98,0.5048281507305088
108,1,-0.98,0.7085017649715897
109,2,0.98,0.2970314400618711
110,3,0.98,0.7784465120398248
111,4,-0.98,0.7226358644894246
112,1,-0.98,0.5851747692479123
113,2,0.98,0.4849091069625129
114,3,0.98,0.7673670638276937
115,4,-0.98,0.736193302150428
116,1,-0.98,0.6323490703374522
117,2,0.98,0.3490459711454728
118,3,0.98,0.8544395951928245
119,4,-0.98,0.6279565205934312
120,1,-0.98,0.6373501697184655
121,2,0.98,0.5929908933677535
122,3,0.98,0.889553041298484
123,4,-0.98,0.7546453023736458
124,1,-0.98,0.649860347301047
125,2,0.98,0.29336925148263987
126,3,0.98,0.816667579119025
127,4,-0.98,0.6802166484433467
128,1,-0.98,0.29348413088575315
129,2,0.98,0.438931838348057
130,3,0.98,0.8283312436756669
131,4,-0.98,0.7006533348681869
132,1,-0.98,0.5604099190908339
133,2,0.98,0.17333050900176217
134,3,0.98,0.7609647300555344
135,4,-0.98,0.8347989555066446
136,1,-0.98,0.559773606248592
137,2,0.98,0.48542928842958416
138,3,0.98,0.8320015361776906
139,4,-0.98,0.7257245125006521
140,1,-0.98,0.5263240597437281
141,2,0.98,0.778659262719069
142,3,0.98,0.7806792312606241
143,4,-0.98,0.7906631524905139
144,1,-0.98,0.655023251739884
145,2,0.98,0.46222326832677446
146,3,0.98,0.8171598062618293
147,4,-0.98,0.6286225829255393
148,1,-0.98,0.5200405929933967
149,2,0.98,0.5799094536959722
150,3,0.98,0.7221825832201602
151,4,-0.98,0.5808028527191424
152,1,-0.98,0.6066088879967506
153,2,0.98,0.49964715833718243
154,3,0.98,0.8315274280977706
155,4,-0.98,0.82182231657079
156,1,-0.98,0.4972952976386304
157,2,0.98,0.3130906560119369
158,3,0.98,0.8704294648557517
159,4,-0.98,0.6871589022464787
160,1,-0.98,0.6099149435085908
161,2,0.98,0.08260329872910649
162,3,0.98,0.6744084072441203
163,4,-0.98,0.7332636524032661
164,1,-0.98,0.23035858437360718
165,2,0.98,0.32261929583903065
166,3,0.98,0.8004019673316383
167,4,-0.98,0.7826276178215232
168,1,-0.98,0.5409413381578982
169,2,0.98,0.4533148922081897
170,3,0.98,0.767273781558867
171,4,-0.98,0.7400631962450896
172,1,-0.98,0.47713732420378846
173,2,0.98,0.18018001312494056
174,3,0.98,0.8410293662952719
175,4,-0.98,0.7370616068926954
176,1,-0.98,0.29319556803390767
177,2,0.98,0.5164216666200114
178,3,0.98,0.7909977672407162
179,4,-0.98,0.661354633321431
180,1,-0.98,0.49126803479389686
181,2,0.98,0.5457836320766906
182,3,0.98,0.7991068520356882
183,4,-0.98,0.590145536711919
184,1,-0.98,0.24369382421306296
185,2,0.98,0.6963274447151167
186,3,0.98,0.47021532471471034
187,4,-0.98,0.6555652214821787
188,1,-0.98,0.26840915474017724
189,2,0.98,0.5510813323279093
190,3,0.98,0.4980259326852757
191,4,-0.98,0.6944220763887502
192,1,-0.98,0.28619902233891514
193,2,0.98,0.6254892403264412
194,3,0.98,0.5770788254300004
195,4,-0.98,0.808857346120195
196,1,-0.98,0.12449960804071712
197,2,0.98,0.44788093397141365
198,3,0.98,0.18670612321637414
199,4,-0.98,0.7248305008513509
200,1,-0.98,0.3492610170742483
201,2,0.98,0.7505538912418089
202,3,0.98,0.5055597732338623
203,4,-0.98,0.7136019641867866
204,1,-0.98,0.40209227144450277
205,2,0.98,0.5872408746182003
206,3,0.98,0.47175152614039134
207,4,-0.98,0.6452323480992792
208,1,-0.98,0.5366150639525573
209,2,0.98,0.6627163276625959
210,3,0.98,0.3293682216070864
211,4,-0.98,0.6961670035447172
212,1,-0.98,0.3895780968270273
213,2,0.98,0.6931597252501118
214,3,0.98,0.3055076974888362
215,4,-0.98,0.7983265132005898
216,1,-0.98,0.45961921319378607
217,2,0.98,0.7681474018738214
218,3,0.98,0.5287821606806872
219,4,-0.98,0.6199532427388321
220,1,-0.98,0.1331642425320796
221,2,0.98,0.6878662270647544
222,3,0.98,0.7834770402366289
223,4,-0.98,0.6263198531075378
224,1,-0.98,0.4268753159396328
225,2,0.98,0.6306529013325536
226,3,0.98,0.8108813437658228
227,4,-0.98,0.6640993899908895
228,1,-0.98,0.46264268840079553
229,2,0.98,0.6885153833724584
230,3,0.98,0.6820681977841254
231,4,-0.98,0.6459614133693451
232,1,-0.98,0.3056821194497955
233,2,0.98,0.6421168673278117
234,3,0.98,0.8660350721510979
235,4,-0.98,0.8251143278749624
236,1,-0.98,0.6039975327151439
237,2,0.98,0.6616594961159707
238,3,0.98,0.7760133783001231
239,4,-0.98,0.6224225355888924
240,1,-0.98,0.5233071613183021
241,2,0.98,0.7247483691461839
242,3,0.98,0.6949781026443743
243,4,-0.98,0.48874907963545217
244,1,-0.98,-0.2944520947015521
245,2,0.98,0.704090126122489
246,3,0.98,0.6115280672887989
247,4,-0.98,0.778937946895752
248,1,-0.98,-0.08138176141109639
249,2,0.98,0.6578935086050637
250,3,0.98,0.7806081786800372
251,4,-0.98,0.6816527064477398
252,1,-0.98,-0.20076749119648335
253,2,0.98,0.5804186738731386
254,3,0.98,0.5773163170218274
255,4,-0.98,0.6731029561301479
256,1,-0.98,0.2936149972479109
257,2,0.98,0.7632920821042898
258,3,0.98,0.8330139560246033
259,4,-0.98,0.6744888017035376
260,1,-0.98,0.42344312735745254
261,2,0.98,0.5556081783798666
262,3,0.98,0.7289175986126901
263,4,-0.98,0.7548157281573458
264,1,-0.98,-0.13193791781863629
265,2,0.98,0.6770158816224942
266,3,0.98,0.722320981434989
267,4,-0.98,0.7269423878578933
268,1,-0.98,0.47394251554108896
269,2,0.98,0.5885345550486526
270,3,0.98,0.8221539460799565
271,4,-0.98,0.5568220908263525
272,1,-0.98,0.6389434441029257
273,2,0.98,0.6631982124083508
274,3,0.98,0.765830152955679
275,4,-0.98,0.6488121704663894
276,1,-0.98,0.009750297390985128
277,2,0.98,0.7863718587653715
278,3,0.98,0.8173215279176289
279,4,-0.98,0.4305666996746367
280,1,-0.98,-0.004500893330169418
281,2,0.98,0.6287707801537749
282,3,0.98,0.7532680176036284
283,4,-0.98,0.644975351374089
284,1,-0.98,0.1738198319294509
285,2,0.98,0.348680478061125
286,3,0.98,0.68533214819597
287,4,-0.98,0.49289623713359404
288,1,-0.98,0.0638269718690908
289,2,0.98,0.7040356320728325
290,3,0.98,0.7443163264627742
291,4,-0.98,0.6807951609015828
292,1,-0.98,-0.06377366273078142
293,2,0.98,0.6901354971345195
294,3,0.98,0.7146975511255773
295,4,-0.98,0.5920738842192328
296,1,-0.98,0.44440757151797144
297,2,0.98,0.5568993296882108
298,3,0.98,0.6728556572369827
299,4,-0.98,0.520479140790535
300,1,-0.98,-0.3413268692020056
301,2,0.98,0.7267723499948907
302,3,0.98,0.7597555139155998
303,4,-0.98,0.7011669339314186
304,1,-0.98,-0.19320972549491627
305,2,0.98,0.6443415459093363
306,3,0.98,0.6725472887365456
307,4,-0.98,0.3642787182687704
308,1,-0.98,-0.1002432416596158
309,2,0.98,0.5373381630703564
310,3,0.98,0.709736960033276
311,4,-0.98,0.6716174181287575
312,1,-0.98,-0.3614511877562509
313,2,0.98,0.5905535634696875
314,3,0.98,0.8332292970822663
315,4,-0.98,0.6608590473433473
316,1,-0.98,-0.268490033719474
317,2,0.98,0.7483840600186801
318,3,0.98,0.7865578156012911
319,4,-0.98,0.46068861113552967
320,1,-0.98,-0.35526920433921766
321,2,0.98,0.5415476210788039
322,3,0.98,0.8309582933760822
323,4,-0.98,0.707107077562127
324,1,-0.98,-0.3203948791069002
325,2,0.98,0.6596371310827384
326,3,0.98,0.8153914677582413
327,4,-0.98,0.4922639170091609
328,1,-0.98,0.014776028642926294
329,2,0.98,0.41626890054146504
330,3,0.98,0.7493690374248017
331,4,-0.98,0.6606002881771375
332,1,-0.98,-0.3730438721326895
333,2,0.98,0.7678028241663424
334,3,0.98,0.723268268602096
335,4,-0.98,0.7224252918711054
336,1,-0.98,-0.5952351506413474
337,2,0.98,0.45796462591580633
338,3,0.98,0.8322706600316107
339,4,-0.98,0.6141644979531988
340,1,-0.98,-0.11547597902424353
341,2,0.98,0.489421936022072
342,3,0.98,0.5466383233195062
343,4,-0.98,0.6839743777900521
344,1,-0.98,-0.5002706290958515
345,2,0.98,0.14493098218459421
346,3,0.98,0.7501903692970951
347,4,-0.98,0.46560340336650335
348,1,-0.98,0.11108147927708646
349,2,0.98,0.6088463026301477
350,3,0.98,0.7059091386568727
351,4,-0.98,0.7105498467870592
352,1,-0.98,-0.3603376500508077
353,2,0.98,0.7307931012276934
354,3,0.98,0.6316807618451151
355,4,-0.98,0.4312674999590401
356,1,-0.98,-0.1700875565575273
357,2,0.98,0.7952788984187293
358,3,0.98,0.7165417044931587
359,4,-0.98,0.43300114428708364
360,1,-0.98,-0.3931850380529787
361,2,0.98,0.46053497780370317
362,3,0.98,0.7296967202773613
363,4,-0.98,0.6734331165685901
364,1,-0.98,-0.5712367171488552
365,2,0.98,0.6277245415021122
366,3,0.98,0.6593346960904629
367,4,-0.98,0.5415490961991584
368,1,-0.98,-0.5482480179432864
369,2,0.98,0.8445391235921593
370,3,0.98,0.5171810726038851
371,4,-0.98,0.5988947510037937
372,1,-0.98,0.03944202643881827
373,2,0.98,0.8400439625989606
374,3,0.98,0.667132338794551
375,4,-0.98,0.5385870575642825
376,1,-0.98,-0.09402612536731537
377,2,0.98,0.61825258622898
378,3,0.98,0.7062745980258047
379,4,-0.98,0.6277421151676693
380,1,-0.98,-0.5252847025432696
381,2,0.98,0.529671722508582
382,3,0.98,0.7028539870491871
383,4,-0.98,0.24167809069014912
384,1,-0.98,0.0916585996453067
385,2,0.98,0.6548611225610841
386,3,0.98,0.6274731430409916
387,4,-0.98,0.5471137145401057
388,1,-0.98,0.2987550350941442
389,2,0.98,0.8462247498517155
390,3,0.98,0.8211174614132051
391,4,-0.98,0.35895093632404057
392,1,-0.98,-0.5846095231301749
393,2,0.98,0.8253096262539368
394,3,0.98,0.7897232201346287
395,4,-0.98,0.4865162715623119
396,1,-0.98,-0.36311062038176556
397,2,0.98,0.8337942499795233
398,3,0.98,0.7874643337166474
399,4,-0.98,0.5015361759602749
400,1,-0.98,-0.5647082696968517
401,2,0.98,0.6010545416877744
402,3,0.98,0.6143295646983152
403,4,-0.98,0.5305369214947558
404,1,-0.98,-0.33370291252735973
405,2,0.98,0.8490683571379903
406,3,0.98,0.12208670845075455
407,4,-0.98,0.5143384077638073
408,1,-0.98,-0.43785092579731577
409,2,0.98,0.8815721257258342
410,3,0.98,0.6441679228480534
411,4,-0.98,0.2805459248359824
412,1,-0.98,-0.4881516047974497
413,2,0.98,0.7962840844355158
414,3,0.98,0.6408399127377943
415,4,-0.98,0.5312207417828297
416,1,-0.98,-0.34095049517913956
417,2,0.98,0.6426275932110348
418,3,0.98,0.45542342161015303
419,4,-0.98,0.7102875396133304
420,1,-0.98,-0.15719814747324148
421,2,0.98,0.6210091055332899
422,3,0.98,0.28124082225494823
423,4,-0.98,0.7330519154295365
424,1,-0.98,-0.46634009220733263
425,2,0.98,0.705233052145915
426,3,0.98,0.5234689201608549
427,4,-0.98,0.3161925837208346
428,1,-0.98,-0.5375163455363007
429,2,0.98,0.602641686333488
430,3,0.98,0.5676452989113955
431,4,-0.98,0.5510842825176817
432,1,-0.98,-0.3416811954735242
433,2,0.98,0.7774268168151022
434,3,0.98,0.19302717567842015
435,4,-0.98,0.7325402201055521
436,1,-0.98,-0.5033103276659548
437,2,0.98,0.7212805774804779
438,3,0.98,0.4456413304085872
439,4,-0.98,0.618509269162858
440,1,-0.98,-0.5278474363128812
441,2,0.98,0.7617280785415586
442,3,0.98,0.6848252799248975
443,4,-0.98,0.6385978979764488
444,1,-0.98,-0.12531590489947814
445,2,0.98,0.7541390982581206
446,3,0.98,0.5378163878479459
447,4,-0.98,0.6742660399624816
448,1,-0.98,-0.6136443709842581
449,2,0.98,0.5606108579809127
450,3,0.98,0.5337905524287355
451,4,-0.98,0.6796038157063408
452,1,-0.98,-0.4233682307661855
453,2,0.98,0.7843882951543786
454,3,0.98,0.20223054413887917
455,4,-0.98,0.6188956845820072
456,1,-0.98,-0.40879544049567756
457,2,0.98,0.2343502505550895
458,3,0.98,0.660128902717558
459,4,-0.98,0.585087791708992
460,1,-0.98,-0.3896662924144999
461,2,0.98,0.6906273666107228
462,3,0.98,0.4005811627693371
463,4,-0.98,0.800625293059647
464,1,-0.98,-0.34353908505742947
465,2,0.98,0.7488613756212854
466,3,0.98,0.45655112943625165
467,4,-0.98,0.5612956273313408
468,1,-0.98,-0.8065837354771668
469,2,0.98,0.8227654082334905
470,3,0.98,0.6032286844522274
471,4,-0.98,0.484917023432594
472,1,-0.98,-0.5558693278930615
473,2,0.98,0.7703296068459571
474,3,0.98,0.6079267678550035
475,4,-0.98,0.6655010875331631
476,1,-0.98,-0.28073679506397264
477,2,0.98,0.7689656301406429
478,3,0.98,0.48479404003582566
479,4,-0.98,0.44871370602168753
480,1,-0.98,-0.3737402767495801
481,2,0.98,0.7906232742897619
482,3,0.98,0.5324230361539162
483,4,-0.98,0.5673966650982684
484,1,-0.98,-0.27870472920738154
485,2,0.98,0.8313009002062126
486,3,0.98,0.5940130159925736
487,4,-0.98,0.5667131405239306
488,1,-0.98,-0.2749929456583088
489,2,0.98,0.8125890442486068
490,3,0.98,0.6163513844727763
491,4,-0.98,0.5989063463262458
492,1,-0.98,-0.3690628103885933
493,2,0.98,0.42773441741225776
494,3,0.98,0.8613920739439509
495,4,-0.98,0.6332807955211484
496,1,-0.98,-0.09938156310955809
497,2,0.98,0.31934852990015267
498,3,0.98,0.4838661976892721
499,4,-0.98,0.46674199927050786
500,1,-0.98,-0.2549552478579868
501,2,0.98,0.0725294638504938
502,3,0.98,0.5930014835794643
503,4,-0.98,0.733833820908304
504,1,-0.98,-0.5901215302047952
505,2,0.98,0.3749682506719562
506,3,0.98,0.5815124205220632
507,4,-0.98,0.7895554851526055
508,1,-0.98,-0.2495490229047422
509,2,0.98,0.8080078422122422
510,3,0.98,0.7561462146274202
511,4,-0.98,0.603472558088148
512,1,-0.98,-0.4263938761012384
513,2,0.98,0.8712843547176047
514,3,0.98,0.585794462852134
515,4,-0.98,0.6193844599311897
516,1,-0.98,-0.5239116507255286
517,2,0.98,0.8229182445580895
518,3,0.98,0.6479889301947497
519,4,-0.98,0.6152595194898117
520,1,-0.98,-0.5185377761060344
521,2,0.98,0.8515844485244216
522,3,0.98,0.42869206409186267
523,4,-0.98,0.6526230089667114
524,1,-0.98,-0.3082635876591208
525,2,0.98,0.7220162224237765
526,3,0.98,0.480716194540292
527,4,-0.98,0.7680537623783874
528,1,-0.98,-0.4624952991531817
529,2,0.98,0.7347921332538015
530,3,0.98,0.6147147173476747
531,4,-0.98,0.6072282469877045
532,1,-0.98,-0.5059662790754056
533,2,0.98,0.7876245080542108
534,3,0.98,0.5468982067022048
535,4,-0.98,0.5360878855685459
536,1,-0.98,-0.016452223334513832
537,2,0.98,0.3906556115679624
538,3,0.98,0.6107953761442588
539,4,-0.98,0.6418796368302101
540,1,-0.98,-0.36509468725402844
541,2,0.98,0.7016059908031675
542,3,0.98,0.7238539674188256
543,4,-0.98,0.7682390986970521
544,1,-0.98,-0.602797618368329
545,2,0.98,0.49852312868146514
546,3,0.98,0.7222195952530107
547,4,-0.98,0.6074300392048395
548,1,-0.98,-0.12535703192702513
549,2,0.98,0.7235610515018108
550,3,0.98,0.6930646975610756
551,4,-0.98,0.650816516528845
552,1,-0.98,-0.6215203495339996
553,2,0.98,0.26230447205155033
554,3,0.98,0.4380786826001973
555,4,-0.98,0.5435914863636024
556,1,-0.98,-0.5406447083949566
557,2,0.98,0.7143820870505054
558,3,0.98,0.3999044507778092
559,4,-0.98,0.7077056204326707
560,1,-0.98,-0.4709847543259388
561,2,0.98,0.0645967479383724
562,3,0.98,0.8314595503475115
563,4,-0.98,0.3775729584629327
564,1,-0.98,-0.4235595286617266
565,2,0.98,0.5583905693378637
566,3,0.98,0.7365005388921475
567,4,-0.98,0.6895113510514247
568,1,-0.98,-0.5465407097177438
569,2,0.98,0.07580320815384266
570,3,0.98,0.534540913316837
571,4,-0.98,0.5903044044675458
572,1,-0.98,-0.4704765785103566
573,2,0.98,0.5422176432666549
574,3,0.98,0.41696959910070536
575,4,-0.98,0.15080154020494183
576,1,-0.98,-0.5771599615673793
577,2,0.98,-0.1091152333391233
578,3,0.98,0.5253424308868591
579,4,-0.98,0.3171252686082441
580,1,-0.98,-0.45564991556938944
581,2,0.98,0.5728093526527459
582,3,0.98,0.6961219172232226
583,4,-0.98,0.12256969548731235
584,1,-0.98,-0.5333786634001062
585,2,0.98,0.8174643634192269
586,3,0.98,0.6466447823263833
587,4,-0.98,0.26248208537418233
588,1,-0.98,-0.79231726062246
589,2,0.98,0.7643516365588595
590,3,0.98,0.5412029210752205
591,4,-0.98,0.3422759775917159
592,1,-0.98,-0.4635749437691071
593,2,0.98,0.763079979302424
594,3,0.98,0.8054275336526189
595,4,-0.98,0.7831789103463894
596,1,-0.98,-0.6994616051000487
597,2,0.98,0.7935837138019264
598,3,0.98,0.6718436675596695
599,4,-0.98,0.26941734023853114
600,1,-0.98,-0.5575383505203976
601,2,0.98,0.7119274612788423
602,3,0.98,0.6605261230143888
603,4,-0.98,0.4269714866518032
604,1,-0.98,-0.6798596545238504
605,2,0.98,0.7329111878156178
606,3,0.98,0.592426769775769
607,4,-0.98,0.5720882621000466
608,1,-0.98,-0.6777679989241465
609,2,0.98,0.7012380246384861
610,3,0.98,0.7206377109976875
611,4,-0.98,0.09995772547761066
612,1,-0.98,-0.6279608471961654
613,2,0.98,0.39102767370273905
614,3,0.98,0.5968205947301332
615,4,-0.98,0.31135821229030075
616,1,-0.98,-0.6734589044906092
617,2,0.98,0.7177163408963916
618,3,0.98,0.5237369929573151
619,4,-0.98,0.3907444360579983
620,1,-0.98,-0.5766719925804001
621,2,0.98,0.2293200700563098
622,3,0.98,0.6535061473391144
623,4,-0.98,0.5995661023154307
624,1,-0.98,-0.6332586630724051
625,2,0.98,0.7073708961545705
626,3,0.98,0.6720233133334463
627,4,-0.98,0.6980242378808501
628,1,-0.98,-0.6985700877443175
629,2,0.98,0.03932348013464057
630,3,0.98,0.6745092863772444
631,4,-0.98,0.4477513004403279
632,1,-0.98,-0.7391467036001894
633,2,0.98,0.0866019439563679
634,3,0.98,0.7006011817897457
635,4,-0.98,0.5142856922658323
636,1,-0.98,-0.7595580642906513
637,2,0.98,0.7735204433225993
638,3,0.98,0.6902407423754753
639,4,-0.98,0.14655582002363501
640,1,-0.98,-0.61243281351488
641,2,0.98,-0.4588650214269663
642,3,0.98,0.6385212224592105
643,4,-0.98,0.4942357468030284
644,1,-0.98,-0.6375617891908444
645,2,0.98,0.7854930577343506
646,3,0.98,0.7560962759956394
647,4,-0.98,0.3794927524464594
648,1,-0.98,-0.6783404053436359
649,2,0.98,0.5290172881116475
650,3,0.98,0.7830395669529232
651,4,-0.98,0.6016042028553416
652,1,-0.98,-0.053989593314217696
653,2,0.98,0.6276653103936469
654,3,0.98,0.7203963405665456
655,4,-0.98,0.49830193566405734
656,1,-0.98,-0.7020254335400358
657,2,0.98,0.7704296101854082
658,3,0.98,0.3227978903234695
659,4,-0.98,0.3872319511100038
660,1,-0.98,-0.6628959057152612
661,2,0.98,0.8367024098146516
662,3,0.98,0.7002385385814047
663,4,-0.98,0.29701960856871934
664,1,-0.98,-0.6882770151873784
665,2,0.98,0.7059850164832647
666,3,0.98,0.840142469972562
667,4,-0.98,0.5152148982580542
668,1,-0.98,-0.7268960046356775
669,2,0.98,0.6799694044956801
670,3,0.98,0.6994558529692819
671,4,-0.98,0.5847604878589121
672,1,-0.98,-0.7069777655704695
673,2,0.98,0.7247126166692602
674,3,0.98,0.728692027830979
675,4,-0.98,0.37824810892782484
676,1,-0.98,-0.6054434773128463
677,2,0.98,0.6952372983795928
678,3,0.98,0.8944289445916843
679,4,-0.98,0.24141081384042737
680,1,-0.98,-0.6633190314772823
681,2,0.98,0.7913794071361254
682,3,0.98,0.6435488073405743
683,4,-0.98,0.4660295366687578
684,1,-0.98,-0.6837447629492165
685,2,0.98,0.800429243141896
686,3,0.98,0.48376044080826835
687,4,-0.98,0.6267808379312768
688,1,-0.98,-0.6722904957593836
689,2,0.98,0.7709934357056631
690,3,0.98,0.6144045943107185
691,4,-0.98,0.5149379757115482
692,1,-0.98,-0.6910869674888698
693,2,0.98,0.7201501965862406
694,3,0.98,0.7443419024889055
695,4,-0.98,0.21695236597744513
696,1,-0.98,-0.24359308605726648
697,2,0.98,0.7553556074534941
698,3,0.98,0.7653263648255734
699,4,-0.98,0.5003486971747545
700,1,-0.98,-0.4951787420830178
701,2,0.98,0.6316114231983257
702,3,0.98,0.24341383310770354
703,4,-0.98,0.3211211571542039
704,1,-0.98,-0.7638414755958236
705,2,0.98,0.7494701205227707
706,3,0.98,0.7369892642268181
707,4,-0.98,0.1531865705584365
708,1,-0.98,-0.5982964914955993
709,2,0.98,0.6568456194563504
710,3,0.98,0.4980267698199911
711,4,-0.98,0.32017021081229796
712,1,-0.98,-0.5738621890281623
713,2,0.98,0.8321147625594048
714,3,0.98,0.5927390083938133
715,4,-0.98,0.25998298490446875
716,1,-0.98,-0.6109728735654627
717,2,0.98,0.8011672834191733
718,3,0.98,0.5787388512403832
719,4,-0.98,0.2990394801377135
720,1,-0.98,-0.6636528421488126
721,2,0.98,0.7270711823559255
722,3,0.98,0.41209553396776233
723,4,-0.98,0.2885218251602044
724,1,-0.98,-0.5780327545535726
725,2,0.98,0.48482473319120944
726,3,0.98,0.7031892411209347
727,4,-0.98,0.38417878441423386
728,1,-0.98,-0.7419777685626319
729,2,0.98,0.7571675184736958
730,3,0.98,0.3979339718565553
731,4,-0.98,-0.12519417576803393
732,1,-0.98,-0.6454793935303518
733,2,0.98,0.8523901465591607
734,3,0.98,0.4963985049424139
735,4,-0.98,0.3216193828817264
736,1,-0.98,-0.6187130572466231
737,2,0.98,0.6943338298999032
738,3,0.98,0.7200315210148043
739,4,-0.98,0.3931388781599726
740,1,-0.98,-0.6107280532818301
741,2,0.98,0.668939875541093
742,3,0.98,0.6373077249118402
743,4,-0.98,0.522848225424223
744,1,-0.98,-0.7660502405103009
745,2,0.98,0.7832661609402942
746,3,0.98,0.5940296122851848
747,4,-0.98,0.2103795836090017
748,1,-0.98,-0.7206231901975824
749,2,0.98,-0.23735428906231765
750,3,0.98,0.10254912167801822
751,4,-0.98,0.3833691295755076
752,1,-0.98,-0.668320704959779
753,2,0.98,0.423236246980091
754,3,0.98,0.47747861274455605
755,4,-0.98,0.404463461871628
756,1,-0.98,-0.7639686290052801
757,2,0.98,0.6818865124805508
758,3,0.98,0.569176937260898
759,4,-0.98,0.42038342639486376
760,1,-0.98,-0.7279587229567422
761,2,0.98,0.699979797129356
762,3,0.98,0.44502608402692495
763,4,-0.98,0.1979218764233339
764,1,-0.98,-0.7086914483334896
765,2,0.98,0.7315248048106974
766,3,0.98,0.6703785981661746
767,4,-0.98,0.5334161254321692
768,1,-0.98,-0.6238666406680535
769,2,0.98,0.6628890982750874
770,3,0.98,0.7247996161462791
771,4,-0.98,0.5932776104717165
772,1,-0.98,-0.8093758748276396
773,2,0.98,0.788470140425748
774,3,0.98,0.5319876833627314
775,4,-0.98,0.32825670261047735
776,1,-0.98,-0.6464226297552762
777,2,0.98,0.3047984062975525
778,3,0.98,0.39483717936454343
779,4,-0.98,0.4651349649971685
780,1,-0.98,-0.7299973728409761
781,2,0.98,0.7703563247855857
782,3,0.98,0.5639552255349679
783,4,-0.98,0.48403783943397105
784,1,-0.98,-0.6003240945838266
785,2,0.98,0.7752132308735361
786,3,0.98,0.6428855313971039
787,4,-0.98,0.3449364419264237
788,1,-0.98,-0.5289100740051558
789,2,0.98,0.7204757605457968
790,3,0.98,0.6904627462068104
791,4,-0.98,0.3074591170550297
792,1,-0.98,-0.6731884167247992
793,2,0.98,0.6357513187090789
794,3,0.98,0.6746581016107196
795,4,-0.98,0.29907275168520503
796,1,-0.98,-0.6050228650884055
797,2,0.98,0.7585627797246949
798,3,0.98,0.4980815962326657
799,4,-0.98,0.533697973795171
800,1,-0.98,-0.5534424352431581
801,2,0.98,0.7661735793400296
802,3,0.98,0.5768233102821487
803,4,-0.98,0.5469938818897657
804,1,-0.98,-0.6827652488293044
805,2,0.98,0.8114692887579301
806,3,0.98,0.5673798261106271
807,4,-0.98,-0.005423241337439715
808,1,-0.98,-0.6973540753005371
809,2,0.98,0.8331941705853966
810,3,0.98,0.5323419042659719
811,4,-0.98,-0.24497736296814573
812,1,-0.98,-0.6848068073212661
813,2,0.98,0.8820662409991075
814,3,0.98,0.5937035238823497
815,4,-0.98,0.11406345534266427
816,1,-0.98,-0.773029923689464
817,2,0.98,0.7572416731853346
818,3,0.98,0.22719532028201733
819,4,-0.98,0.3852899304235848
820,1,-0.98,-0.705766086943599
821,2,0.98,0.24549699450557186
822,3,0.98,0.6353812163027005
823,4,-0.98,0.011889366689004637
824,1,-0.98,-0.5575232014845746
825,2,0.98,0.150572697018598
826,3,0.98,0.28791950027937263
827,4,-0.98,0.4939589859762256
828,1,-0.98,-0.7692135342579318
829,2,0.98,0.672690207796967
830,3,0.98,0.6030613163693287
831,4,-0.98,0.3009403925104499
832,1,-0.98,-0.7335610928195603
833,2,0.98,0.7071444039135442
834,3,0.98,0.7391928278359514
835,4,-0.98,0.43530526330136055
836,1,-0.98,-0.6971653429551984
837,2,0.98,0.564878736998978
838,3,0.98,0.40013726850156345
839,4,-0.98,0.2899616481682599
840,1,-0.98,-0.6763740554569242
841,2,0.98,0.1918054072992531
842,3,0.98,0.7567887488150615
843,4,-0.98,0.7142909745120111
844,1,-0.98,-0.7691995224348089
845,2,0.98,-0.33382619684034626
846,3,0.98,0.6453890169930092
847,4,-0.98,0.5729201294360282
848,1,-0.98,-0.7604225997401081
849,2,0.98,0.4738696355845453
850,3,0.98,0.6349983219375623
851,4,-0.98,0.6738462748522179
852,1,-0.98,-0.7164699318939104
853,2,0.98,0.07526276875268438
854,3,0.98,0.664904612374062
855,4,-0.98,0.43957259525862175
856,1,-0.98,-0.7217482477122177
857,2,0.98,-0.04438497560471427
858,3,0.98,0.716697624186862
859,4,-0.98,0.47155216735329863
860,1,-0.98,-0.7448111551894511
861,2,0.98,0.5594530264939526
862,3,0.98,0.6394730197478444
863,4,-0.98,0.4899154622936075
864,1,-0.98,-0.6647669680047598
865,2,0.98,-0.11203876267556642
866,3,0.98,0.42290914826337367
867,4,-0.98,0.5159419278627344
868,1,-0.98,-0.5895743935401859
869,2,0.98,-0.0980812015028088
870,3,0.98,0.7491243411282067
871,4,-0.98,0.6308213682555528
872,1,-0.98,-0.680152277093267
873,2,0.98,-0.03866895920022877
874,3,0.98,0.5337274757128692
875,4,-0.98,0.05054881815040277
876,1,-0.98,-0.6074745477270492
877,2,0.98,-0.492962819437104
878,3,0.98,0.5709077699867455
879,4,-0.98,0.4356205011328886
880,1,-0.98,-0.7521243504922445
881,2,0.98,0.3296577524140889
882,3,0.98,0.4599708475785105
883,4,-0.98,0.32382698311653535
884,1,-0.98,-0.7640559072169645
885,2,0.98,0.01678811056099745
886,3,0.98,0.7560837136567256
887,4,-0.98,0.6265218275417808
888,1,-0.98,-0.7413814644457789
889,2,0.98,0.7074493731608587
890,3,0.98,0.6649319477737243
891,4,-0.98,0.04305832180133951
892,1,-0.98,-0.7396342690991946
893,2,0.98,0.05590980714055178
894,3,0.98,0.6692669750796096
895,4,-0.98,0.600652441763025
896,1,-0.98,-0.8000634112939975
897,2,0.98,0.13248798096116537
898,3,0.98,0.628587728051655
899,4,-0.98,-0.08282947082380168
900,1,-0.98,-0.7087845680243359
901,2,0.98,0.00269233687130982
902,3,0.98,0.5696722188440818
903,4,-0.98,0.1889890865375928
904,1,-0.98,-0.6173905373766797
905,2,0.98,0.27618404243474287
906,3,0.98,0.591840047129557
907,4,-0.98,0.24873613563851238
908,1,-0.98,-0.5330170562060069
909,2,0.98,-0.08050544274271618
910,3,0.98,0.7534525892601134
911,4,-0.98,0.233396889769744
912,1,-0.98,-0.6515849025426798
913,2,0.98,0.14594297154222247
914,3,0.98,0.4970425757174788
915,4,-0.98,0.16434439281409774
916,1,-0.98,-0.7654633001407825
917,2,0.98,0.0647087451213326
918,3,0.98,0.7564337556919573
919,4,-0.98,0.15927656992704078
920,1,-0.98,-0.7724190342724002
921,2,0.98,0.620907619032202
922,3,0.98,0.6563489717348951
923,4,-0.98,0.25171271039789883
924,1,-0.98,-0.8215636895941939
925,2,0.98,0.3060002240975301
926,3,0.98,0.6562345078195592
927,4,-0.98,0.2560327056710466
928,1,-0.98,-0.7964674546074698
929,2,0.98,0.6534905976322618
930,3,0.98,0.537384975684987
931,4,-0.98,0.4840028611525224
932,1,-0.98,-0.8041010957905093
933,2,0.98,0.6048437425347724
934,3,0.98,0.6024333605409182
935,4,-0.98,0.10535517364178221
936,1,-0.98,-0.7257902071717585
937,2,0.98,0.39465110539097764
938,3,0.98,0.533540701657626
939,4,-0.98,-0.024816467234257622
940,1,-0.98,-0.7899843591768192
941,2,0.98,0.6321075841469715
942,3,0.98,0.5514609901703095
943,4,-0.98,0.37799006203084323
944,1,-0.98,-0.6561596939779472
945,2,0.98,0.5380830208922031
946,3,0.98,0.37236717620428084
947,4,-0.98,0.5841865669036559
948,1,-0.98,-0.842614350232606
949,2,0.98,0.6567655980255029
950,3,0.98,0.49456717167952013
951,4,-0.98,0.021109101996168663
952,1,-0.98,-0.7688210985931186
953,2,0.98,0.36948719800336005
954,3,0.98,0.7456955707080367
955,4,-0.98,0.44696773677572854
956,1,-0.98,-0.8241126070804219
957,2,0.98,0.7388979485740435
958,3,0.98,0.5358027770437789
959,4,-0.98,0.3328515764410176
960,1,-0.98,-0.7838120075166447
961,2,0.98,0.8062621890223011
962,3,0.98,0.6159507276825733
963,4,-0.98,0.17211882046985466
964,1,-0.98,-0.7859987187566699
965,2,0.98,0.6120404264249443
966,3,0.98,0.4555952770313306
967,4,-0.98,0.4830595089988538
968,1,-0.98,-0.7466259374471635
969,2,0.98,0.6829661755617177
970,3,0.98,0.5940885264098317
971,4,-0.98,0.5219506722512883
972,1,-0.98,-0.792197602790552
973,2,0.98,0.48633007001085843
974,3,0.98,0.6522112976615637
975,4,-0.98,0.05574850531184955
976,1,-0.98,-0.7842578162270786
977,2,0.98,0.28640036381052436
978,3,0.98,0.49944921149421034
979,4,-0.98,0.5079442156414393
980,1,-0.98,-0.8444502912762426
981,2,0.98,0.6821686177928491
982,3,0.98,0.6559547495537881
983,4,-0.98,0.3099511981955776
984,1,-0.98,-0.7446526665747712
985,2,0.98,0.5372631340498558
986,3,0.98,0.6123658955044922
987,4,-0.98,0.4760066570451747
988,1,-0.98,-0.7786116573467057
989,2,0.98,0.5064288414857313
990,3,0.98,0.5033094238052334
991,4,-0.98,0.413952651549606
992,1,-0.98,-0.8295431356938494
993,2,0.98,0.7875166066549795
994,3,0.98,0.6583447725900169
995,4,-0.98,0.3403371177393653
996,1,-0.98,-0.8251852819164238
997,2,0.98,0.8121697707162417
998,3,0.98,0.6113926490864267
999,4,-0.98,0.31126411797527276
1000,1,-0.98,-0.8150312224893671
1001,2,0.98,0.7271646243071882
1002,3,0.98,0.5868063874958743
1003,4,-0.98,0.4117319512660425
1004,1,-0.98,-0.8210962757786385
1005,2,0.98,0.8180684641980375
1006,3,0.98,0.6282429799638055
1007,4,-0.98,0.3353557028241144
1008,1,-0.98,-0.8121016665902425
1009,2,0.98,0.7338948393102993
1010,3,0.98,0.7367307570969243
1011,4,-0.98,0.4049010051461802
1012,1,-0.98,-0.8671855654166929
1013,2,0.98,0.6336060171968739
1014,3,0.98,0.7770907860477367
1015,4,-0.98,0.6555274945750985
1016,1,-0.98,-0.8657880338391849
1017,2,0.98,0.43305403710905854
1018,3,0.98,0.5950819126278337
1019,4,-0.98,0.2773549973256043
1020,1,-0.98,-0.8405758024603847
1021,2,0.98,0.4513409577759147
1022,3,0.98,0.7029448327575704
1023,4,-0.98,0.6015814670024351
1024,1,-0.98,-0.8232367240427048
1025,2,0.98,0.7596677345123678
1026,3,0.98,0.5426488966245977
1027,4,-0.98,0.2862961400528234
1028,1,-0.98,-0.8670245637523488
1029,2,0.98,0.9365788003002983
1030,3,0.98,0.699230786768923
1031,4,-0.98,0.31150902255719726
1032,1,-0.98,-0.8033764119043585
1033,2,0.98,0.6725379153664937
1034,3,0.98,0.6192630568400347
1035,4,-0.98,0.32147585946172674
1036,1,-0.98,-0.8306350388843031
1037,2,0.98,0.865743387380106
1038,3,0.98,0.4922834519499294
1039,4,-0.98,0.3688883397648443
1040,1,-0.98,-0.870510193045194
1041,2,0.98,0.9040807551268357
1042,3,0.98,0.728782646939069
1043,4,-0.98,0.34586858402056975
1044,1,-0.98,-0.7917571970247379
1045,2,0.98,0.8627544197732907
1046,3,0.98,0.6397459914062198
1047,4,-0.98,0.4217454246613501
1048,1,-0.98,-0.7823592101990933
1049,2,0.98,0.8000794817793876
1050,3,0.98,0.7651369096054979
1051,4,-0.98,0.5652705472324312
1052,1,-0.98,-0.8299926088611846
1053,2,0.98,0.5857540328534225
1054,3,0.98,0.5629459317761488
1055,4,-0.98,0.3757533768066874
1056,1,-0.98,-0.8654118921030061
1057,2,0.98,0.7540584957658634
1058,3,0.98,0.6905827860330742
1059,4,-0.98,0.29769434651639115
1060,1,-0.98,-0.8792081260928009
1061,2,0.98,0.7789777827040558
1062,3,0.98,0.7863208599193052
1063,4,-0.98,0.42774922700029067
1064,1,-0.98,-0.8106752450263388
1065,2,0.98,0.785028894667889
1066,3,0.98,0.5562628942363101
1067,4,-0.98,0.3978896443315345
1068,1,-0.98,-0.8481409491507079
1069,2,0.98,0.7081318031820991
1070,3,0.98,0.6868054904177414
1071,4,-0.98,0.6384171746842535
1072,1,-0.98,-0.8734982093973721
1073,2,0.98,0.8908621520509084
1074,3,0.98,0.6284342118826379
1075,4,-0.98,0.22580648992482014
1076,1,-0.98,-0.8524818011868369
1077,2,0.98,0.7731179912006271
1078,3,0.98,0.6247208646011531
1079,4,-0.98,0.32885339107320044
1080,1,-0.98,-0.8867332956764533
1081,2,0.98,0.6571236475929318
1082,3,0.98,0.7857590873051495
1083,4,-0.98,0.3263562931310094
1084,1,-0.98,-0.818194947511617
1085,2,0.98,0.8081670813402017
1086,3,0.98,0.7240735487490938
1087,4,-0.98,0.08195675568758563
1088,1,-0.98,-0.8291583053245815
1089,2,0.98,0.6917146528717546
1090,3,0.98,0.7501988961307734
1091,4,-0.98,0.432800301049325
1092,1,-0.98,-0.7674784836474988
1093,2,0.98,0.5712794179804905
1094,3,0.98,0.6893582771125129
1095,4,-0.98,0.12755074204385777
1096,1,-0.98,-0.8603350593539383
1097,2,0.98,0.7532621721535113
1098,3,0.98,0.5512675652232583
1099,4,-0.98,0.2720815646818731
1100,1,-0.98,-0.9147430420643521
1101,2,0.98,0.673773780883619
1102,3,0.98,0.6053634448880536
1103,4,-0.98,0.21175349469012436
1104,1,-0.98,-0.8564034499682645
1105,2,0.98,0.8406488109514307
1106,3,0.98,0.5283366872144812
1107,4,-0.98,0.3974901398374986
1108,1,-0.98,-0.8594377557589231
1109,2,0.98,0.8272206451925043
1110,3,0.98,0.599121487974791
1111,4,-0.98,-0.03480026619561764
1112,1,-0.98,-0.8398599532324498
1113,2,0.98,0.8674698064070197
1114,3,0.98,0.6960479110422023
1115,4,-0.98,0.23430716947671815
1116,1,-0.98,-0.8670167245488727
1117,2,0.98,0.8451453579364887
1118,3,0.98,0.5351981114892203
1119,4,-0.98,0.09507321081996724
1120,1,-0.98,-0.8354648287695114
1121,2,0.98,0.8795795058713749
1122,3,0.98,0.4914224468118063
1123,4,-0.98,0.29046637710781564
1124,1,-0.98,-0.8771530648235852
1125,2,0.98,0.8324946461453164
1126,3,0.98,0.4742605336982429
1127,4,-0.98,-0.0064405941819412945
1128,1,-0.98,-0.8753208288930427
1129,2,0.98,0.7546660275315563
1130,3,0.98,0.5870014863471926
1131,4,-0.98,0.15851196036377901
1132,1,-0.98,-0.824752158521729
1133,2,0.98,0.7915773657295815
1134,3,0.98,0.6790522125285922
1135,4,-0.98,0.38439454478919105
1136,1,-0.98,-0.797549685905476
1137,2,0.98,0.8822000442094111
1138,3,0.98,0.807094192134068
1139,4,-0.98,-0.3726542274616374
1140,1,-0.98,-0.7593284119355619
1141,2,0.98,0.6941425835351802
1142,3,0.98,0.5652302404861813
1143,4,-0.98,0.15726165695727373
1144,1,-0.98,-0.891187886291329
1145,2,0.98,0.8064119508897072
1146,3,0.98,0.5519803454060048
1147,4,-0.98,0.18764078243920218
1148,1,-0.98,-0.846762415368655
1149,2,0.98,0.8731683980079938
1150,3,0.98,0.6792517952967243
1151,4,-0.98,-0.01924659012042848
1152,1,-0.98,-0.8084415360602788
1153,2,0.98,0.9016543651747533
1154,3,0.98,0.7067983597346315
1155,4,-0.98,0.19415198543541684
1156,1,-0.98,-0.8612150692894875
1157,2,0.98,0.8527696461347051
1158,3,0.98,0.6528675649023163
1159,4,-0.98,0.28951334126474554
1160,1,-0.98,-0.8696396961783097
1161,2,0.98,0.8576169202235036
1162,3,0.98,0.7069548861950236
1163,4,-0.98,-0.12772297437004881
1164,1,-0.98,-0.8835903453013512
1165,2,0.98,0.8588165061262397
1166,3,0.98,0.5395475761014419
1167,4,-0.98,0.3530161895493159
1168,1,-0.98,-0.8693367444919873
1169,2,0.98,0.7401944438774071
1170,3,0.98,0.6279169273223796
1171,4,-0.98,0.11821293063502429
1172,1,-0.98,-0.876394195502527
1173,2,0.98,0.8664616481798197
1174,3,0.98,0.5893908729446666
1175,4,-0.98,-0.15819070670586985
1176,1,-0.98,-0.8445898287807683
1177,2,0.98,0.8841053689348181
1178,3,0.98,0.7074574964812256
1179,4,-0.98,0.1039729612740647
1180,1,-0.98,-0.8371360541244
1181,2,0.98,0.851170069303474
1182,3,0.98,0.6362079330210509
1183,4,-0.98,0.03672240560089243
1184,1,-0.98,-0.9203726154289433
1185,2,0.98,0.8402752698801915
1186,3,0.98,0.7494367938796284
1187,4,-0.98,0.06758376640658846
1188,1,-0.98,-0.8957465296112058
1189,2,0.98,0.750613697961788
1190,3,0.98,0.617434990414209
1191,4,-0.98,-0.03482823840079165
1192,1,-0.98,-0.8818994223709495
1193,2,0.98,0.8181826117839543
1194,3,0.98,0.6567312420021229
1195,4,-0.98,-0.0220264648801783
1196,1,-0.98,-0.8015960974165781
1197,2,0.98,0.7681597988802658
1198,3,0.98,0.6313134816010968
1199,4,-0.98,-0.0517018164478567
1200,1,-0.98,-0.8708898412456756
1201,2,0.98,0.8710486180033548
1202,3,0.98,0.2730079295293761
1203,4,-0.98,-0.03176901545568081
1204,1,-0.98,-0.8132145805392625
1205,2,0.98,0.829707628339122
1206,3,0.98,0.4592094018927117
1207,4,-0.98,0.15758258052557345
1208,1,-0.98,-0.8842191283292524
1209,2,0.98,0.733446356463744
1210,3,0.98,0.7311566511695472
1211,4,-0.98,0.0016900454790311176
1212,1,-0.98,-0.8260606300379764
1213,2,0.98,0.7689473088367209
1214,3,0.98,0.4505524922220828
1215,4,-0.98,-0.2126280421186883
1216,1,-0.98,-0.8699896029602014
1217,2,0.98,0.7491590638953921
1218,3,0.98,0.7465951128873154
1219,4,-0.98,0.1967144104041032
1220,1,-0.98,-0.9018742566231203
1221,2,0.98,0.8952514426319211
1222,3,0.98,0.7568705511376523
1223,4,-0.98,0.061910995423145404
1224,1,-0.98,-0.8966219437594931
1225,2,0.98,0.8739194907197766
1226,3,0.98,0.7840770543167889
1227,4,-0.98,-0.0602576477520229
1228,1,-0.98,-0.8450745396958125
1229,2,0.98,0.706641329961157
1230,3,0.98,0.6727984503244232
1231,4,-0.98,-0.4193798304850103
1232,1,-0.98,-0.8573822107150005
1233,2,0.98,0.8557072318101748
1234,3,0.98,0.5590222418234857
1235,4,-0.98,0.03418589264087503
1236,1,-0.98,-0.8617919090716825
1237,2,0.98,0.8644732597593756
1238,3,0.98,0.7114276156419614
1239,4,-0.98,0.24732081599582809
1240,1,-0.98,-0.8682583129106767
1241,2,0.98,0.7630470088925415
1242,3,0.98,0.7464706570031504
1243,4,-0.98,0.0736980653588501
1244,1,-0.98,-0.8253700423547721
1245,2,0.98,0.774029274637357
1246,3,0.98,0.5713009253877135
1247,4,-0.98,0.21523712301001816
1248,1,-0.98,-0.8961823854427817
1249,2,0.98,0.8367860688590241
1250,3,0.98,0.6478858606230035
1251,4,-0.98,0.2579769010223033
1252,1,-0.98,-0.8732301851699028
1253,2,0.98,0.9326219527548161
1254,3,0.98,0.6774204096220934
1255,4,-0.98,0.29655874949218614
1256,1,-0.98,-0.8721337842755326
1257,2,0.98,0.9156337500258258
1258,3,0.98,0.53786313092533
1259,4,-0.98,0.6140282036174153
1260,1,-0.98,-0.9036106378189797
1261,2,0.98,0.8952112901421365
1262,3,0.98,0.5315556303945231
1263,4,-0.98,0.06994716917365486
1264,1,-0.98,-0.8922771539236488
1265,2,0.98,0.7454391029236795
1266,3,0.98,0.7215976337147536
1267,4,-0.98,-0.004571785648474258
1268,1,-0.98,-0.8975424715535382
1269,2,0.98,0.9036490363705357
1270,3,0.98,0.4503911984512606
1271,4,-0.98,0.09246135056393283
1272,1,-0.98,-0.8595489713571206
1273,2,0.98,0.7479293679653576
1274,3,0.98,0.6228336791292497
1275,4,-0.98,0.5593407907117419
1276,1,-0.98,-0.8549628205997953
1277,2,0.98,0.8858659559531794
1278,3,0.98,0.748362178744807
1279,4,-0.98,0.047803052950149624
1280,1,-0.98,-0.8691220353992694
1281,2,0.98,0.9359355711880922
1282,3,0.98,0.4803324668667689
1283,4,-0.98,-0.03881209758467128
1284,1,-0.98,-0.8850139681521845
1285,2,0.98,0.5362280882186523
1286,3,0.98,0.5804579042115685
1287,4,-0.98,0.014406691209968412
1288,1,-0.98,-0.8436361325979976
1289,2,0.98,0.7546044656296879
1290,3,0.98,0.5321660927895454
1291,4,-0.98,0.021489508788456756
1292,1,-0.98,-0.8580002883049409
1293,2,0.98,0.9034911478687893
1294,3,0.98,0.5879103263183484
1295,4,-0.98,0.12400264934957
1296,1,-0.98,-0.8855000571622321
1297,2,0.98,0.8905728480193228
1298,3,0.98,0.585485999560577
1299,4,-0.98,-0.02854885272251864
1300,1,-0.98,-0.8300368036809922
1301,2,0.98,0.6390075546694898
1302,3,0.98,0.6115892395379977
1303,4,-0.98,-0.20665992325335913
1304,1,-0.98,-0.838911961518679
1305,2,0.98,0.5688749148459764
1306,3,0.98,0.5771668030097948
1307,4,-0.98,0.19156998876986553
1308,1,-0.98,-0.903007487420946
1309,2,0.98,0.847795703463531
1310,3,0.98,0.2030132973832552
1311,4,-0.98,-0.510680101008936
1312,1,-0.98,-0.8638423065299141
1313,2,0.98,0.8727931885048902
1314,3,0.98,0.6601756084799753
1315,4,-0.98,-0.028844553370182466
1316,1,-0.98,-0.8262515153753438
1317,2,0.98,0.8132316877795962
1318,3,0.98,0.6285014604119721
1319,4,-0.98,0.16008942346559185
1320,1,-0.98,-0.8395212245813117
1321,2,0.98,0.5815421287677817
1322,3,0.98,0.52383709685801
1323,4,-0.98,-0.48743632538973924
1324,1,-0.98,-0.8961350130275947
1325,2,0.98,0.9014592258811714
1326,3,0.98,0.7252989154202887
1327,4,-0.98,-0.19367640629817293
1328,1,-0.98,-0.9301573674802399
1329,2,0.98,0.7870341737861257
1330,3,0.98,0.76254562398366
1331,4,-0.98,0.3643124904246917
1332,1,-0.98,-0.8144631491520682
1333,2,0.98,0.7667144424538427
1334,3,0.98,0.5223937545165067
1335,4,-0.98,-0.052543706134714964
1336,1,-0.98,-0.8438794157647255
1337,2,0.98,0.9026697446950567
1338,3,0.98,0.5707526637617433
1339,4,-0.98,-0.256527458060209
1340,1,-0.98,-0.8511576252778821
1341,2,0.98,0.6006381816177416
1342,3,0.98,0.8571249874987631
1343,4,-0.98,-0.027611521204227454
1344,1,-0.98,-0.8770545384003704
1345,2,0.98,0.7818790953443778
1346,3,0.98,0.8352504238822966
1347,4,-0.98,-0.28584002200956754
1348,1,-0.98,-0.8513845935911257
1349,2,0.98,0.8514824307429725
1350,3,0.98,0.8224869674469317
1351,4,-0.98,-0.08513394832201164
1352,1,-0.98,-0.8656894882379392
1353,2,0.98,0.9272012730860212
1354,3,0.98,0.7621897301347635
1355,4,-0.98,-0.007047460007822339
1356,1,-0.98,-0.9055136473605903
1357,2,0.98,0.8819573569866951
1358,3,0.98,0.6942066847682152
1359,4,-0.98,0.29295296782392316
1360,1,-0.98,-0.8944333308337034
1361,2,0.98,0.6386808437897737
1362,3,0.98,0.7677352691352067
1363,4,-0.98,-0.01784662066544672
1364,1,-0.98,-0.8939766127779664
1365,2,0.98,0.848386117148761
1366,3,0.98,0.6608105938203042
1367,4,-0.98,-0.04918066479779494
1368,1,-0.98,-0.8762654934520681
1369,2,0.98,0.9068331494850193
1370,3,0.98,0.7535177758171991
1371,4,-0.98,-0.012925880465829567
1372,1,-0.98,-0.8567010481663481
1373,2,0.98,0.8775188986843083
1374,3,0.98,0.6936399864507684
1375,4,-0.98,0.21841926823984484
1376,1,-0.98,-0.8921534613112165
1377,2,0.98,0.8645448568745977
1378,3,0.98,0.8210600987121154
1379,4,-0.98,0.38546282520168856
1380,1,-0.98,-0.8698881407566286
1381,2,0.98,0.7285021901110229
1382,3,0.98,0.7291904704699173
1383,4,-0.98,-0.3122709100863602
1384,1,-0.98,-0.8728804647686532
1385,2,0.98,0.7873378858716196
1386,3,0.98,0.7922679764518081
1387,4,-0.98,0.09414290186836176
1388,1,-0.98,-0.8514660085938616
1389,2,0.98,0.8902845653316483
1390,3,0.98,0.761022306614436
1391,4,-0.98,-0.3843338271251383
1392,1,-0.98,-0.8840504032086411
1393,2,0.98,0.8181959130010665
1394,3,0.98,0.695242198603444
1395,4,-0.98,-0.33520545015872916
1396,1,-0.98,-0.8921842595319617
1397,2,0.98,0.912646264608796
1398,3,0.98,0.6484141431224487
1399,4,-0.98,0.16505856505743732
1400,1,-0.98,-0.9523646330870861
1401,2,0.98,0.6933259218976502
1402,3,0.98,0.7499135752153464
1403,4,-0.98,0.2570207928817527
1404,1,-0.98,-0.9125764131250295
1405,2,0.98,0.8309502905559933
1406,3,0.98,0.6810985135259965
1407,4,-0.98,-0.10004826898271674
1408,1,-0.98,-0.8718068827553901
1409,2,0.98,-0.377657715300022
1410,3,0.98,0.5921121761831477
1411,4,-0.98,-0.37387287925099716
1412,1,-0.98,-0.8910606795901357
1413,2,0.98,0.7026823780953766
1414,3,0.98,0.7527026151211275
1415,4,-0.98,0.13143295421385895
1416,1,-0.98,-0.8680651106781612
1417,2,0.98,0.8145277051954517
1418,3,0.98,0.7920519023364896
1419,4,-0.98,-0.23251394762699137
1420,1,-0.98,-0.8686806044004194
1421,2,0.98,0.7357592238402899
1422,3,0.98,0.7662934202153432
1423,4,-0.98,-0.0771046018152375
1424,1,-0.98,-0.9087671247307891
1425,2,0.98,0.8388918957022738
1426,3,0.98,0.6688302824455575
1427,4,-0.98,-0.28992679496894863
1428,1,-0.98,-0.9024462661868499
1429,2,0.98,0.750444669034656
1430,3,0.98,0.7834209850184224
1431,4,-0.98,-0.16335942340007173
1432,1,-0.98,-0.913105320525506
1433,2,0.98,0.886212290690467
1434,3,0.98,0.7399110102793044
1435,4,-0.98,0.3122601638529412
1436,1,-0.98,-0.9071426443698637
1437,2,0.98,0.8632062528861006
1438,3,0.98,0.7211829542869924
1439,4,-0.98,-0.2879220710071044
1440,1,-0.98,-0.8912384600223054
1441,2,0.98,0.6057639585738152
1442,3,0.98,0.6768201449959313
1443,4,-0.98,0.11627708726676564
1444,1,-0.98,-0.8717292240328823
1445,2,0.98,0.9114868684310292
1446,3,0.98,0.6567338472057318
1447,4,-0.98,0.447662177324709
1448,1,-0.98,-0.91930313074491
1449,2,0.98,0.850072580969826
1450,3,0.98,0.6427333868419332
1451,4,-0.98,-0.15136178557790178
1452,1,-0.98,-0.9108713408402777
1453,2,0.98,0.8643342032021961
1454,3,0.98,0.6695836688072926
1455,4,-0.98,-0.24253656721053088
1456,1,-0.98,-0.8699558736141048
1457,2,0.98,0.6782543534092561
1458,3,0.98,0.668371559086485
1459,4,-0.98,-0.13460779348975266
1460,1,-0.98,-0.9101217136971799
1461,2,0.98,0.8257475230705671
1462,3,0.98,0.7040610149386511
1463,4,-0.98,-0.11125485779596088
1464,1,-0.98,-0.9017628719506844
1465,2,0.98,0.3935372104903511
1466,3,0.98,0.6576036423764589
1467,4,-0.98,-0.37214950574401257
1468,1,-0.98,-0.913755330436651
1469,2,0.98,0.7511451231017389
1470,3,0.98,0.659674674191089
1471,4,-0.98,-0.03753822255790813
1472,1,-0.98,-0.959123485587864
1473,2,0.98,0.831520906762704
1474,3,0.98,0.6394104672661817
1475,4,-0.98,0.1779650462780371
1476,1,-0.98,-0.9071801694781128
1477,2,0.98,0.8748280723995395
1478,3,0.98,0.7291213210136445
1479,4,-0.98,0.16263923338268815
1480,1,-0.98,-0.945251360316542
1481,2,0.98,0.47867794370790184
1482,3,0.98,0.7462626129327278
1483,4,-0.98,-0.08489784291374475
1484,1,-0.98,-0.8976656213246742
1485,2,0.98,0.8653118493051091
1486,3,0.98,0.6078337546752149
1487,4,-0.98,-0.1487253335181718
1488,1,-0.98,-0.8844207162025357
1489,2,0.98,0.3331903183900728
1490,3,0.98,0.5689488720721382
1491,4,-0.98,0.04070516137809514
1492,1,-0.98,-0.911747142749009
1493,2,0.98,0.614878407577911
1494,3,0.98,0.4553468895615927
1495,4,-0.98,-0.47941372865308896
1496,1,-0.98,-0.9311563084310893
1497,2,0.98,0.8433315522106797
1498,3,0.98,0.7183092942844563
1499,4,-0.98,-0.10865030465521745
1500,1,-0.98,-0.9185299824515903
1501,2,0.98,0.8561749933408818
1502,3,0.98,0.718578367673626
1503,4,-0.98,-0.1987262936811369
1504,1,-0.98,-0.9053514819662961
1505,2,0.98,0.707087994500979
1506,3,0.98,0.6048548559769447
1507,4,-0.98,-0.21460851395330352
1508,1,-0.98,-0.9145973337853763
1509,2,0.98,0.7364950778450223
1510,3,0.98,0.7380948904939102
1511,4,-0.98,-0.1467290145109577
1512,1,-0.98,-0.9157158590538109
1513,2,0.98,0.8674196059413876
1514,3,0.98,0.7433831064493133
1515,4,-0.98,0.47999967865452925
1516,1,-0.98,-0.9020806878170441
1517,2,0.98,0.6921485329850737
1518,3,0.98,0.5136165935732444
1519,4,-0.98,-0.17677432081175792
1520,1,-0.98,-0.922069478194574
1521,2,0.98,0.584964413375487
1522,3,0.98,0.7800591303216822
1523,4,-0.98,-0.2079526748567143
1524,1,-0.98,-0.8747472020307118
1525,2,0.98,0.6916128886230933
1526,3,0.98,0.7211272414696747
1527,4,-0.98,0.02181500329387094
1528,1,-0.98,-0.9008497655428557
1529,2,0.98,0.8640425499649281
1530,3,0.98,0.8087008746341899
1531,4,-0.98,0.1522602182828066
1532,1,-0.98,-0.9126916136384118
1533,2,0.98,0.8650581350714965
1534,3,0.98,0.7119206440992014
1535,4,-0.98,-0.4803393814527319
1536,1,-0.98,-0.9111165338504774
1537,2,0.98,0.8327979685720097
1538,3,0.98,0.7769842676190575
1539,4,-0.98,-0.24688121575376695
1540,1,-0.98,-0.9060751483730192
1541,2,0.98,0.8445508439857805
1542,3,0.98,0.6541449689194797
1543,4,-0.98,0.14703412222597828
1544,1,-0.98,-0.8873489191477004
1545,2,0.98,0.64685995865567
1546,3,0.98,0.7693145534002077
1547,4,-0.98,-0.2542404519281063
1548,1,-0.98,-0.8840686903152996
1549,2,0.98,0.8383332355503013
1550,3,0.98,0.5166645622291504
1551,4,-0.98,0.07799722369543417
1552,1,-0.98,-0.9012581985036473
1553,2,0.98,0.8391556461947167
1554,3,0.98,0.7426310323762687
1555,4,-0.98,0.4083426594705852
1556,1,-0.98,-0.9270691410489426
1557,2,0.98,0.2943401906904939
1558,3,0.98,0.7080479464625788
1559,4,-0.98,-0.44355125091332687
1560,1,-0.98,-0.9069107150940774
1561,2,0.98,0.7660255082683418
1562,3,0.98,0.7159996540813583
1563,4,-0.98,-0.3912068093477269
1564,1,-0.98,-0.900972413559195
1565,2,0.98,0.8151528879262077
1566,3,0.98,0.8127410946377922
1567,4,-0.98,0.42470255596983814
1568,1,-0.98,-0.9018539999867397
1569,2,0.98,0.8968005148676182
1570,3,0.98,0.6086744413018234
1571,4,-0.98,-0.24816258224827456
1572,1,-0.98,-0.9394093078841782
1573,2,0.98,0.9048551206720308
1574,3,0.98,0.7717174165541594
1575,4,-0.98,0.1924648713211536
1576,1,-0.98,-0.8807773719550743
1577,2,0.98,0.6234994985602434
1578,3,0.98,0.7682985379947889
1579,4,-0.98,0.12776036402834673
1580,1,-0.98,-0.9178754922436921
1581,2,0.98,0.7142672438595999
1582,3,0.98,0.6993291481842348
1583,4,-0.98,0.3339939627770373
1584,1,-0.98,-0.8870206157128749
1585,2,0.98,0.8872941046658837
1586,3,0.98,0.6724807761898025
1587,4,-0.98,-0.09480662001242482
1588,1,-0.98,-0.9103166847652393
1589,2,0.98,0.7399624719003758
1590,3,0.98,0.7440332009895034
1591,4,-0.98,0.011035617995059276
1592,1,-0.98,-0.9066528963790159
1593,2,0.98,0.631715428145431
1594,3,0.98,0.6905914560820626
1595,4,-0.98,0.05030797307335785
1596,1,-0.98,-0.8996263317772311
1597,2,0.98,0.3687827810799418
1598,3,0.98,0.736391626056824
1599,4,-0.98,0.3338432278857553
1600,1,-0.98,-0.8818489683754046
1601,2,0.98,0.886669803932616
1602,3,0.98,0.6302093825017844
1603,4,-0.98,-0.2522962772757369
1604,1,-0.98,-0.8860848436887646
1605,2,0.98,0.8121000384878253
1606,3,0.98,0.8487927413573966
1607,4,-0.98,0.21332577542366266
1608,1,-0.98,-0.9061880986501163
1609,2,0.98,0.8725294288418104
1610,3,0.98,0.7042174133359657
1611,4,-0.98,-0.20592420113523666
1612,1,-0.98,-0.9129176862034509
1613,2,0.98,0.8494092307359804
1614,3,0.98,0.5966172674219397
1615,4,-0.98,-0.25303054877431697
1616,1,-0.98,-0.8872443166294267
1617,2,0.98,0.8823223820034629
1618,3,0.98,0.7402859676430468
1619,4,-0.98,-0.0449745241233814
1620,1,-0.98,-0.902313239490818
1621,2,0.98,0.8663125227193407
1622,3,0.98,0.731708684644582
1623,4,-0.98,-0.18208719472402088
1624,1,-0.98,-0.8993658168122676
1625,2,0.98,0.848320676672524
1626,3,0.98,0.47993824357716003
1627,4,-0.98,0.20326528113290446
1628,1,-0.98,-0.8845156890956984
1629,2,0.98,0.8797410382529318
1630,3,0.98,0.6566705575317506
1631,4,-0.98,-0.557080592035828
1632,1,-0.98,-0.871012171754574
1633,2,0.98,0.8216376649390988
1634,3,0.98,0.5361925440952948
1635,4,-0.98,-0.1479999114208165
1636,1,-0.98,-0.9095498879985344
1637,2,0.98,0.6981354777010639
1638,3,0.98,0.6663781595804142
1639,4,-0.98,-0.033431864626960364
1640,1,-0.98,-0.867964594254155
1641,2,0.98,0.7672391493035118
1642,3,0.98,0.5233220875661796
1643,4,-0.98,0.16217235791959614
1644,1,-0.98,-0.9188222431136026
1645,2,0.98,0.8438158516497722
1646,3,0.98,0.6389113286689612
1647,4,-0.98,-0.2717031572690879
1648,1,-0.98,-0.9033336107660134
1649,2,0.98,0.8636298720345859
1650,3,0.98,0.4791680234219106
1651,4,-0.98,-0.2422846684322319
1652,1,-0.98,-0.8894925157700175
1653,2,0.98,0.804234781049005
1654,3,0.98,0.7381005660912351
1655,4,-0.98,-0.191061259800516
1656,1,-0.98,-0.891466133065246
1657,2,0.98,0.765961685324147
1658,3,0.98,0.5027589847096113
1659,4,-0.98,-0.31588557056094
1660,1,-0.98,-0.890177903020328
1661,2,0.98,0.8524907704595495
1662,3,0.98,0.6852489851695635
1663,4,-0.98,-0.326690171211187
1664,1,-0.98,-0.897213963024967
1665,2,0.98,0.7893501957981589
1666,3,0.98,0.35395113833498665
1667,4,-0.98,-0.6583023247564722
1668,1,-0.98,-0.9142295865936159
1669,2,0.98,0.8677220168286292
1670,3,0.98,0.7491827446546219
1671,4,-0.98,-0.3081756168951415
1672,1,-0.98,-0.8908138624663046
1673,2,0.98,0.8682828484376603
1674,3,0.98,0.6534104157430797
1675,4,-0.98,-0.14831454463952157
1676,1,-0.98,-0.8939976054438638
1677,2,0.98,0.8536789762531163
1678,3,0.98,0.7128490927164791
1679,4,-0.98,-0.2676109471919223
1680,1,-0.98,-0.8640961268979956
1681,2,0.98,0.7607309824098015
1682,3,0.98,0.6135857550403186
1683,4,-0.98,-0.31290827584271286
1684,1,-0.98,-0.9130854705693141
1685,2,0.98,0.8927111922982753
1686,3,0.98,0.6991392337092235
1687,4,-0.98,-0.5404460068599217
1688,1,-0.98,-0.8977356542781583
1689,2,0.98,0.4831644676045381
1690,3,0.98,0.7220632297560612
1691,4,-0.98,-0.36177582955182547
1692,1,-0.98,-0.9371477760870978
1693,2,0.98,0.8098609787755954
1694,3,0.98,0.6249133669024272
1695,4,-0.98,-0.48076737044171874
1696,1,-0.98,-0.8703649785860033
1697,2,0.98,0.8881864214330067
1698,3,0.98,0.7194973190962144
1699,4,-0.98,-0.6035794552089755
1700,1,-0.98,-0.8711179915424869
1701,2,0.98,0.8196484107271522
1702,3,0.98,0.6063600783855171
1703,4,-0.98,-0.14345511718195467
1704,1,-0.98,-0.8968915971289148
1705,2,0.98,0.060525983245030085
1706,3,0.98,0.37111938191188926
1707,4,-0.98,-0.3440305228516156
1708,1,-0.98,-0.869691972403245
1709,2,0.98,0.766135090554475
1710,3,0.98,0.4858085531906337
1711,4,-0.98,-0.6079792857546084
1712,1,-0.98,-0.904463260917128
1713,2,0.98,0.8160492500116004
1714,3,0.98,0.49847681155382745
1715,4,-0.98,-0.4283660111998852
1716,1,-0.98,-0.8902743019209661
1717,2,0.98,0.8568374388451807
1718,3,0.98,0.6692254506845255
1719,4,-0.98,-0.32341604055523515
1720,1,-0.98,-0.8565223125109498
1721,2,0.98,0.7881052047979509
1722,3,0.98,0.606465754777871
1723,4,-0.98,-0.4038973171667829
1724,1,-0.98,-0.8740046447294726
1725,2,0.98,0.8546899588703798
1726,3,0.98,0.5197129340849155
1727,4,-0.98,-0.5828131457641612
1728,1,-0.98,-0.820548539203684
1729,2,0.98,0.7848540998516701
1730,3,0.98,0.5916119192885109
1731,4,-0.98,-0.22870995745210135
1732,1,-0.98,-0.9044661255382468
1733,2,0.98,0.8282324117790252
1734,3,0.98,0.578705696101545
1735,4,-0.98,-0.6763624765590278
1736,1,-0.98,-0.8857459215996653
1737,2,0.98,0.6596476609625971
1738,3,0.98,0.5488812032423874
1739,4,-0.98,-0.018900950873610455
1740,1,-0.98,-0.8729085848482099
1741,2,0.98,0.7490511024717605
1742,3,0.98,0.6852660742969432
1743,4,-0.98,-0.3449244103003114
1744,1,-0.98,-0.881427301557643
1745,2,0.98,0.804200015304626
1746,3,0.98,0.6195895342245921
1747,4,-0.98,-0.7066408613756721
1748,1,-0.98,-0.8604963795784261
1749,2,0.98,0.8063269140242272
1750,3,0.98,0.6899522299235124
1751,4,-0.98,-0.5163167478954365
1752,1,-0.98,-0.7671137034284904
1753,2,0.98,0.7345006728236432
1754,3,0.98,0.7538753714011142
1755,4,-0.98,-0.5626726912964104
1756,1,-0.98,-0.910175460552916
1757,2,0.98,-0.4784463573103497
1758,3,0.98,0.5068140363267692
1759,4,-0.98,0.1748865827576668
1760,1,-0.98,-0.8615370746899065
1761,2,0.98,0.7918872100721703
1762,3,0.98,0.6417227820409116
1763,4,-0.98,0.05148668231864045
1764,1,-0.98,-0.9103214001226796
1765,2,0.98,0.6552060437945018
1766,3,0.98,0.5813905089888741
1767,4,-0.98,-0.38173851098612355
1768,1,-0.98,-0.9694176006931726
1769,2,0.98,0.7130937215010884
1770,3,0.98,0.44493222374285096
1771,4,-0.98,-0.42961834251666203
1772,1,-0.98,-0.8659572521754528
1773,2,0.98,0.865644641244849
1774,3,0.98,0.6761622890807563
1775,4,-0.98,-0.38829682798271437
1776,1,-0.98,-0.6715831318688051
1777,2,0.98,0.5708030195588797
1778,3,0.98,0.8543757956763633
1779,4,-0.98,-0.2616122086602559
1780,1,-0.98,-0.8850869117284694
1781,2,0.98,0.22136032082750978
1782,3,0.98,0.6506421848095376
1783,4,-0.98,-0.7192849969097589
1784,1,-0.98,-0.8858180054543742
1785,2,0.98,0.8073453253853312
1786,3,0.98,0.7507188990723939
1787,4,-0.98,-0.564303159867209
1788,1,-0.98,-0.92244179767859
1789,2,0.98,0.6507288541458793
1790,3,0.98,0.7608081434889377
1791,4,-0.98,-0.5834048761595393
1792,1,-0.98,-0.8668781623182119
1793,2,0.98,0.7335319084772812
1794,3,0.98,0.5915731995921305
1795,4,-0.98,-0.5917740428906405
1796,1,-0.98,-0.9000339636217073
1797,2,0.98,0.8413710359171577
1798,3,0.98,0.6407801848501207
1799,4,-0.98,-0.5321806430022812
1800,1,-0.98,-0.8895395531501684
1801,2,0.98,0.4242067117025635
1802,3,0.98,0.6459235187582353
1803,4,-0.98,-0.5779712416209635
1804,1,-0.98,-0.8341911493702165
1805,2,0.98,0.6875861940648905
1806,3,0.98,0.6979249766325629
1807,4,-0.98,-0.19540209949123646
1808,1,-0.98,-0.8909050285205761
1809,2,0.98,0.7444657292901291
1810,3,0.98,0.7571935999022343
1811,4,-0.98,-0.5509281335192041
1812,1,-0.98,-0.8606280419836728
1813,2,0.98,0.5747698103288634
1814,3,0.98,0.5534115108831049
1815,4,-0.98,-0.3904561252189998
1816,1,-0.98,-0.8713679768893587
1817,2,0.98,0.7752480695824597
1818,3,0.98,0.6801490868399976
1819,4,-0.98,-0.760270003193498
1820,1,-0.98,-0.8959601528674677
1821,2,0.98,0.8120965002480406
1822,3,0.98,0.6546113008774977
1823,4,-0.98,-0.2994639559087967
1824,1,-0.98,-0.9421549897058565
1825,2,0.98,0.8224708890268422
1826,3,0.98,0.68478605267547
1827,4,-0.98,-0.5382589844819966
1828,1,-0.98,-0.893811946778166
1829,2,0.98,0.8351255703710462
1830,3,0.98,0.6934974424758912
1831,4,-0.98,-0.8178567705847279
1832,1,-0.98,-0.8901090882850455
1833,2,0.98,0.5261734825711611
1834,3,0.98,0.7312892563771692
1835,4,-0.98,-0.6281425758027802
1836,1,-0.98,-0.8673818202449752
1837,2,0.98,0.8271777141886351
1838,3,0.98,0.8027546970161514
1839,4,-0.98,-0.5572152517169661
1840,1,-0.98,-0.9138253306863316
1841,2,0.98,0.794602423540672
1842,3,0.98,0.32584263247867
1843,4,-0.98,-0.6735154947942004
1844,1,-0.98,-0.8855349046161569
1845,2,0.98,0.8613292624569555
1846,3,0.98,0.733433047685111
1847,4,-0.98,-0.4999869076839632
1848,1,-0.98,-0.887515448534744
1849,2,0.98,0.7910736915544905
1850,3,0.98,0.7078415834468861
1851,4,-0.98,-0.38217049280994014
1852,1,-0.98,-0.8780187905423391
1853,2,0.98,0.5805098655791948
1854,3,0.98,0.7804317866036383
1855,4,-0.98,-0.37877969276158807
1856,1,-0.98,-0.8654986537200886
1857,2,0.98,0.7750485747245697
1858,3,0.98,0.5834195867604353
1859,4,-0.98,-0.33852339199040654
1860,1,-0.98,-0.9520908754989642
1861,2,0.98,0.7927129725445454
1862,3,0.98,0.5198232644314137
1863,4,-0.98,-0.6389984418222152
1864,1,-0.98,-0.9026107765141174
1865,2,0.98,0.4827667556899892
1866,3,0.98,0.6435258938425882
1867,4,-0.98,-0.31534531370495905
1868,1,-0.98,-0.8932378545810133
1869,2,0.98,0.7960677769750989
1870,3,0.98,0.671660390637433
1871,4,-0.98,-0.31975857279530595
1872,1,-0.98,-0.8975061577669668
1873,2,0.98,0.8629089693815073
1874,3,0.98,0.7039563585707423
1875,4,-0.98,-0.6090346291552837
1876,1,-0.98,-0.9057084170628963
1877,2,0.98,0.7887020933260345
1878,3,0.98,0.6773589901190076
1879,4,-0.98,-0.7642833576940317
1880,1,-0.98,-0.9075807071968016
1881,2,0.98,0.8173580524310812
1882,3,0.98,0.4956392472248258
1883,4,-0.98,-0.7355198003284305
1884,1,-0.98,-0.876660032147808
1885,2,0.98,0.7103393753129882
1886,3,0.98,0.7122213127809707
1887,4,-0.98,-0.12521763574844055
1888,1,-0.98,-0.9232343454530776
1889,2,0.98,0.44947416935550144
1890,3,0.98,0.7392905610036004
1891,4,-0.98,-0.6888600200565337
1892,1,-0.98,-0.9165185773148734
1893,2,0.98,0.660218818093337
1894,3,0.98,0.7436830899675358
1895,4,-0.98,-0.7266181401542118
1896,1,-0.98,-0.8828504585718503
1897,2,0.98,0.6005680314438785
1898,3,0.98,0.6547946967199338
1899,4,-0.98,-0.31926303287136365
1900,1,-0.98,-0.8812357352435425
1901,2,0.98,0.6781944456342207
1902,3,0.98,0.7353392827074566
1903,4,-0.98,-0.38920044505775814
1904,1,-0.98,-0.9138798935199451
1905,2,0.98,0.8263263434063012
1906,3,0.98,0.6697802291351352
1907,4,-0.98,-0.44478146595245405
1908,1,-0.98,-0.9086635264222636
1909,2,0.98,0.9067632585449154
1910,3,0.98,0.7397535586861802
1911,4,-0.98,-0.5800587872703473
1912,1,-0.98,-0.9320799923046786
1913,2,0.98,0.8395856503254971
1914,3,0.98,0.6286215408514966
1915,4,-0.98,-0.6571911570511261
1916,1,-0.98,-0.9496182041189103
1917,2,0.98,0.8087655004728703
1918,3,0.98,0.8034774285013103
1919,4,-0.98,-0.6083299954186767
1920,1,-0.98,-0.9208705011731854
1921,2,0.98,0.8416795989359989
1922,3,0.98,0.7769020104216952
1923,4,-0.98,-0.6920802483427063
1924,1,-0.98,-0.9117038241733723
1925,2,0.98,0.6922871640933819
1926,3,0.98,0.6779853570467473
1927,4,-0.98,-0.19880529340960407
1928,1,-0.98,-0.9381690561513673
1929,2,0.98,0.8132785594829074
1930,3,0.98,0.6035238221840047
1931,4,-0.98,-0.7375630149230445
1932,1,-0.98,-0.8781206545779794
1933,2,0.98,0.8519321541896333
1934,3,0.98,0.6900242945543422
1935,4,-0.98,-0.7576531657564711
1936,1,-0.98,-0.9225228926438267
1937,2,0.98,0.8409245480085834
1938,3,0.98,0.562420433994906
1939,4,-0.98,-0.6430170189878418
1940,1,-0.98,-0.9298362994103526
1941,2,0.98,0.8781433646279284
1942,3,0.98,0.7173761018947692
1943,4,-0.98,-0.5943296065192833
1944,1,-0.98,-0.915316982480395
1945,2,0.98,0.6909498698074296
1946,3,0.98,0.7347997197332633
1947,4,-0.98,-0.7650608273357506
1948,1,-0.98,-0.913586877312265
1949,2,0.98,0.8760672887303875
1950,3,0.98,0.6877377888478285
1951,4,-0.98,-0.3274263156045542
1952,1,-0.98,-0.9125995407854336
1953,2,0.98,0.9111477039958275
1954,3,0.98,0.751344308895928
1955,4,-0.98,-0.6862932016236631
1956,1,-0.98,-0.9116754995399238
1957,2,0.98,0.8177669179325284
1958,3,0.98,0.6681268417334695
1959,4,-0.98,-0.655887830714182
1960,1,-0.98,-0.9297058804850098
1961,2,0.98,0.7846836400847291
1962,3,0.98,0.7122943668517498
1963,4,-0.98,-0.6609521436497343
1964,1,-0.98,-0.9009892781401626
1965,2,0.98,0.8301894905438345
1966,3,0.98,0.8082132129581767
1967,4,-0.98,-0.5396780399305594
1968,1,-0.98,-0.8996892785185545
1969,2,0.98,0.8363905625886732
1970,3,0.98,0.7056925965713285
1971,4,-0.98,-0.6243007398730961
1972,1,-0.98,-0.8926392211096098
1973,2,0.98,0.5328985654037238
1974,3,0.98,0.8301064939103888
1975,4,-0.98,-0.7629616833391891
1976,1,-0.98,-0.9061296289147909
1977,2,0.98,0.8442229458634072
1978,3,0.98,0.7970543919111354
1979,4,-0.98,-0.7112878200589233
1980,1,-0.98,-0.9267500174668358
1981,2,0.98,0.5997324432883271
1982,3,0.98,0.7563674061898644
1983,4,-0.98,-0.4404108328989182
1984,1,-0.98,-0.9158850367408272
1985,2,0.98,0.6896350984474922
1986,3,0.98,0.6441104485256058
1987,4,-0.98,-0.7126932026868091
1988,1,-0.98,-0.9200013756422978
1989,2,0.98,0.8366659624625747
1990,3,0.98,0.7767754631986934
1991,4,-0.98,-0.7507512501329415
1992,1,-0.98,-0.9432501647119724
1993,2,0.98,0.8478822880307997
1994,3,0.98,0.737240753019882
1995,4,-0.98,-0.6248319878480355
1996,1,-0.98,-0.8730108214685663
1997,2,0.98,0.8359714259183257
1998,3,0.98,0.819082300893752
1999,4,-0.98,-0.5339734564886651
2000,1,-0.98,-0.9220998251139194
